<?xml version="1.0" encoding="utf-8"?>
<extension type="module" version="2.5" client="site" method="upgrade">
    <name>Alveo Footer</name>
    <version>0.1.0</version>
	<creationDate>14/04/2014</creationDate>
	<version>0.1.0</version>
    <author>Richard Rothwell</author>
	<authorEmail>rrothwell@v3.org.au</authorEmail>
	<authorUrl>http://www.v3.org.au/</authorUrl>
	<copyright>Copyright April, 2015 by V3 Alliance</copyright>
	<license>http://www.gnu.org/licenses/gpl-2.0.html GPLv2</license>
    <description>An Alveo Virtual Laboratory footer displaying acknowledgements etc...</description>
    <files>
        <filename module="mod_alveofooter">mod_alveofooter.php</filename>
        <filename>index.html</filename>
        <filename>helper.php</filename>
        <folder>tmpl</folder>
        <folder>css</folder>
    </files>
    <config>
    </config>
</extension>